[
    {
        "id":1,
        "product_name":"Titan Youth Analog Black Dial Women's Watch",
        "Price": 2495,
        "Brand":"Titan",
        "Image":"assets/women-1"
    },
    {
        "id":2,
        "product_name":"Fastrack Analog Green Dial Women's Watch",
        "Price": 2350,
        "Brand":"Fastrack",
        "Image":"assets/women-2"
    },
    {
        "id":3,
        "product_name":"Fossil Jacqueline Analog Rose Gold Dial Women's Watch",
        "Price": 10995,
        "Brand":"Fossil",
        "Image":"assets/women-3"
    },
    {
        "id":4,
        "product_name":"Fogg Analog Pink Dial Women's Watch",
        "Price": 305,
        "Brand":"Fogg",
        "Image":"assets/women-4"
    },
    
    {
        "id":5,
        "product_name":"Fossil Analog Rose Gold Dial Women's Watch",
        "Price": 10195,
        "Brand":"Fossil",
        "Image":"assets/women-5"
    },
    {
        "id":6,
        "product_name":"Daniel Wellington Analogue 32 mm Classic Petite Melrose White Dial Rose Gold Plated Mesh Men's Watch",
        "Price": 11199,
        "Brand":"Daniel Wellington",
        "Image":"assets/men-1"
    },
    {
        "id":7,
        "product_name":"Daniel Wellington Classic Analog White Dial Men's Watch",
        "Price": 12299,
        "Brand":"Daniel Wellington",
        "Image":"assets/men-2"
    },
    {
        "id":8,
        "product_name":"Sonata Analog White Dial Men's Watch",
        "Price": 855,
        "Brand":"Sonata",
        "Image":"assets/men-3"
    },
    {
        "id":9,
        "product_name":"Fastrack Casual Analog White Dial Men's Watch",
        "Price": 915,
        "Brand":"Fastrack",
        "Image":"assets/men-4"
    },
    {
        "id":10,
        "product_name":"Casio Youth-Combination Analog-Digital Gold Dial Men's Watch",
        "Price": 3595,
        "Brand":"Casio",
        "Image":"assets/men-5"
    },
    {
        "id":11,
        "product_name":"Omega Speedmaster Olympic Broad Arrow Chronograph Watch",
        "Price": 231293,
        "Brand":"Omega",
        "Image":"assets/men-6"
    },
    {
        "id":12,
        "product_name":"Omega DE VILLE Prestige Watch",
        "Price": 208372,
        "Brand":"Omega",
        "Image":"assets/women-6"
    }

]